XQ1 ID,XQ2 ID,Bid,Status,Error Message
484821,2907,Bid[1],Passed,
484820,2906,Bid[1],Passed,
484818,2905,Bid[1],Building Error Message: Framed Openings should not have TBD openings.,Building Error Message: Framed Openings should not have TBD openings.
484817,2904,Bid[1],Passed,
484816,2903,Bid[1],Passed,
484815,2902,No Bid,Passed,There are no current bids for selected customer.
484814,2901,Bid[1],Passed,
484813,2900,Bid[1],Passed,
484811,2899,Bid[1],Passed,
484810,2898,Bid[1],Passed,
484809,2897,Bid[1],Passed,
484808,2896,Bid[1],Passed,
484807,2895,Bid[1],Passed,
484805,2894,Bid[1],Passed,
484804,2893,No Bid,Passed,There are no current bids for selected customer.
484803,2892,Bid[1],Passed,
484800,2891,Bid[1],Passed,
484799,2890,Bid[1],Passed,
484798,2889,Bid[1],Passed,
484797,2888,Bid[1],Passed,
484796,2887,Bid[1],Passed,
484794,2886,Bid[1],Passed,
484793,2885,Bid[1],Passed,
484792,2884,Bid[1],Building Error Message: Framed Openings should not have TBD openings.,Building Error Message: Framed Openings should not have TBD openings.
484791,2883,Bid[1],Passed,
484790,2882,Bid[1],Passed,
484788,2881,Bid[1],Building Error Message: Framed Openings should not have TBD openings.,Building Error Message: Framed Openings should not have TBD openings.
484785,2880,Bid[1],Passed,
484782,2879,Bid[1],Passed,
484781,2878,Bid[1],Passed,
484780,2877,Bid[1],Passed,
484777,2876,Bid[1],Passed,
484776,2875,Bid[1],Passed,
484774,2874,Bid[1],Failed,Failed
484773,2873,Bid[1],Passed,
484772,2872,Bid[1],Passed,
484768,2871,Bid[1],Passed,
484767,2870,Bid[1],Passed,
484766,2869,Bid[1],Passed,
484765,2868,Bid[1],Passed,
484764,2867,Bid[1],Passed,
484762,2866,No Bid,Passed,There are no current bids for selected customer.
484758,2865,Bid[1],Passed,
484756,2864,Bid[1],Passed,
484755,2863,Bid[1],Building Error Message: ,Building Error Message: 
484753,2862,Bid[1],Passed,
484749,2861,No Bid,Passed,There are no current bids for selected customer.
484748,2860,Bid[1],Passed,
484747,2859,Bid[1],Passed,
484746,2858,Bid[1],Passed,
484745,2857,Bid[1],Passed,
484743,2856,Bid[1],Building Error Message: ,Building Error Message: 
484742,2855,Bid[1],Building Error Message: Framed Openings should not have TBD openings.,Building Error Message: Framed Openings should not have TBD openings.
484741,2854,Bid[1],Passed,
484740,2853,Bid[1],Passed,
484738,2852,Bid[1],Passed,
484736,2851,Bid[1],Passed,
484735,2850,Bid[1],Passed,
484734,2849,Bid[1],Passed,
484733,2848,Bid[1],Passed,
484731,2847,Bid[1],Passed,
484730,2846,Bid[1],Passed,
484729,2845,Bid[1],Passed,
484727,2844,Bid[1],Passed,
484726,2843,No Bid,Passed,There are no current bids for selected customer.
484725,2842,Bid[1],Passed,
484723,2841,Bid[1],Passed,
484721,2840,Bid[1],Passed,
484720,2839,Bid[1],Passed,
484719,2838,Bid[1],Building Error Message: ,Building Error Message: 
484718,2837,Bid[1],Passed,
484717,2836,No Bid,Passed,There are no current bids for selected customer.
484716,2835,Bid[1],Passed,
484715,2834,Bid[1],Passed,
484714,2833,Bid[1],Passed,
484713,2832,Bid[1],Passed,
484711,2831,Bid[1],Passed,
,2830,Bid[0],Project Loading Failed,
484707,2829,Bid[1],Failed,Failed
484705,2828,Bid[1],Building Error Message: Framed Openings should not have TBD openings.,Building Error Message: Framed Openings should not have TBD openings.
484704,2827,Bid[1],Passed,
484703,2826,Bid[1],Building Error Message: ,Building Error Message: 
484702,2825,Bid[1],Passed,
484698,2824,Bid[1],Passed,
484697,2823,Bid[1],Passed,
484696,2822,Bid[1],Passed,
484695,2821,Bid[1],Passed,
484693,2820,Bid[1],Passed,
484691,2819,Bid[1],Building Error Message: Framed Openings should not have TBD openings.,Building Error Message: Framed Openings should not have TBD openings.
484690,2818,Bid[1],Passed,
484689,2817,Bid[1],Passed,
484688,2816,Bid[1],Passed,
484686,2815,Bid[1],Passed,
484685,2814,Bid[1],Passed,
484684,2813,Bid[1],Passed,
484683,2812,Bid[1],Passed,
484682,2811,Bid[1],Passed,
484680,2810,Bid[1],Passed,
484679,2809,Bid[1],Passed,
484676,2808,Bid[1],Passed,
484674,2807,Bid[1],Passed,
484673,2806,Bid[1],Passed,
484672,2805,Bid[1],Passed,
484671,2804,Bid[1],Passed,
484670,2803,Bid[1],Passed,
484669,2802,Bid[1],Passed,
484668,2801,Bid[1],Passed,
484666,2800,Bid[1],Passed,
484665,2799,Bid[1],Passed,
484664,2798,Bid[1],Passed,
484663,2797,Bid[1],Passed,
484661,2796,Bid[1],Passed,
484660,2795,Bid[1],Passed,
484659,2794,Bid[1],Passed,
484658,2793,Bid[1],Passed,
484657,2792,No Bid,Passed,There are no current bids for selected customer.
484656,2791,Bid[1],Passed,
484655,2790,Bid[1],Passed,
484654,2789,Bid[1],Passed,
484652,2788,Bid[1],Passed,
484651,2787,Bid[1],Passed,
484650,2786,Bid[1],Building Error Message: ,Building Error Message: 
484649,2785,Bid[1],Passed,
484648,2784,Bid[1],Building Error Message: ,Building Error Message: 
484647,2783,Bid[1],Passed,
484646,2782,Bid[1],Passed,
484645,2781,Bid[1],Passed,
484644,2780,Bid[1],Passed,
484643,2779,Bid[1],Passed,
484642,2778,Bid[1],Passed,
484641,2777,Bid[1],Passed,
484639,2776,Bid[1],Passed,
484637,2775,Bid[1],Building Error Message: Mod 1: Left Eave Height (Roof) is required.,Building Error Message: Mod 1: Left Eave Height (Roof) is required.
484636,2774,Bid[1],Passed,
484635,2773,Bid[1],Passed,
484634,2772,Bid[1],Passed,
484633,2771,Bid[1],Passed,
484632,2770,Bid[1],Passed,
484630,2769,Bid[1],Passed,
484629,2768,Bid[1],Passed,
484628,2767,Bid[1],Passed,
484626,2766,Bid[1],Passed,
484625,2765,Bid[1],Passed,
484624,2764,Bid[1],Passed,
484623,2763,Bid[1],Passed,
484622,2762,Bid[1],Passed,
484620,2761,Bid[1],Passed,
484615,2760,No Bid,Passed,There are no current bids for selected customer.
484614,2759,Bid[1],Passed,
484611,2758,Bid[1],Passed,
484610,2757,Bid[1],Passed,
484606,2756,Bid[1],Passed,
484605,2755,Bid[1],Passed,
484603,2754,Bid[1],Passed,
484602,2753,Bid[1],Failed,Failed
484601,2752,Bid[1],Passed,
484600,2751,Bid[1],Passed,
484599,2750,Bid[1],Passed,
484598,2749,Bid[1],Passed,
484595,2748,Bid[1],Passed,
484593,2747,Bid[1],Building Error Message: Framed Openings should not have TBD openings.,Building Error Message: Framed Openings should not have TBD openings.
484592,2746,Bid[1],Passed,
484591,2745,Bid[1],Passed,
484590,2744,No Bid,Passed,There are no current bids for selected customer.
484589,2743,Bid[1],Passed,
484587,2742,Bid[1],Passed,
484586,2741,Bid[1],Building Error Message: Mod 1: Framed Opening (Back SW) should not extend outside of wall.,Building Error Message: Mod 1: Framed Opening (Back SW) should not extend outside of wall.
484585,2740,Bid[1],Building Error Message: ,Building Error Message: 
484584,2739,Bid[1],Passed,
484582,2738,Bid[1],Passed,
484580,2737,Bid[1],Passed,
484579,2736,Bid[1],Building Error Message: Framed Openings should not have TBD openings.,Building Error Message: Framed Openings should not have TBD openings.
484577,2735,Bid[1],Passed,
484576,2734,Bid[1],Building Error Message: Framed Openings should not have TBD openings.,Building Error Message: Framed Openings should not have TBD openings.
484575,2733,Bid[1],Passed,
484574,2732,Bid[1],Passed,
484573,2731,Bid[1],Passed,
484572,2730,Bid[1],Building Error Message: Mod 1: Duplicate Wall names found.,Building Error Message: Mod 1: Duplicate Wall names found.
484571,2729,Bid[1],Passed,
484570,2728,Bid[1],Passed,
484569,2727,Bid[1],Passed,
484568,2726,Bid[1],Passed,
484565,2725,Bid[1],Passed,
484564,2724,Bid[1],Passed,
484561,2723,Bid[1],Passed,
484559,2722,Bid[1],Passed,
484557,2721,Bid[1],Passed,
484556,2720,Bid[1],Passed,
484555,2719,Bid[1],Passed,
484554,2718,Bid[1],Failed,Failed
484553,2717,Bid[1],Passed,
484552,2716,Bid[1],Passed,
484551,2715,Bid[1],Passed,
484549,2714,Bid[1],Building Error Message: ,Building Error Message: 
484548,2713,Bid[1],Passed,
484547,2712,No Bid,Passed,There are no current bids for selected customer.
484546,2711,Bid[1],Passed,
484545,2710,Bid[1],Passed,
484543,2709,Bid[1],Passed,
484542,2708,Bid[1],Passed,
484541,2707,Bid[1],Passed,
484540,2706,Bid[1],Passed,
484539,2705,Bid[1],Passed,
484538,2704,Bid[1],Passed,
484536,2703,Bid[1],Passed,
484533,2702,Bid[1],Passed,
484531,2701,Bid[1],Passed,
484530,2700,Bid[1],Passed,
484529,2699,Bid[1],Passed,
484527,2698,Bid[1],Passed,
484526,2697,Bid[1],Building Error Message: Framed Openings should not have TBD openings.,Building Error Message: Framed Openings should not have TBD openings.
484525,2696,Bid[1],Passed,
484524,2695,Bid[1],Passed,
484522,2694,Bid[1],Passed,
484521,2693,Bid[1],Passed,
484520,2692,Bid[1],Passed,
484518,2691,Bid[1],Passed,
484517,2690,Bid[1],Passed,
484516,2689,Bid[1],Passed,
484515,2688,Bid[1],Passed,
484514,2687,Bid[1],Passed,
484513,2686,Bid[1],Passed,
484511,2685,Bid[1],Passed,
484510,2684,Bid[1],Passed,
484509,2683,Bid[1],Passed,
484507,2682,Bid[1],Passed,
484506,2681,Bid[1],Passed,
484505,2680,No Bid,Passed,There are no current bids for selected customer.
484504,2679,Bid[1],Passed,
484503,2678,Bid[1],Passed,
484502,2677,Bid[1],Failed,Failed
484501,2676,Bid[1],Passed,
484500,2675,Bid[1],Passed,
484499,2674,Bid[1],Passed,
484498,2673,Bid[1],Building Error Message: Framed Openings should not have TBD openings.,Building Error Message: Framed Openings should not have TBD openings.
484497,2672,Bid[1],Passed,
484494,2671,No Bid,Passed,There are no current bids for selected customer.
484493,2670,Bid[1],Passed,
484492,2669,Bid[1],Passed,
484491,2668,Bid[1],Passed,
484490,2667,Bid[1],Passed,
484489,2666,Bid[1],Passed,
484488,2665,Bid[1],Passed,
484487,2664,Bid[1],Passed,
484485,2663,Bid[1],Passed,
484483,2662,Bid[1],Passed,
484480,2661,Bid[1],Passed,
484478,2660,Bid[1],Passed,
484477,2659,Bid[1],Passed,
484476,2658,Bid[1],Failed,Failed
484475,2657,Bid[1],Failed,Failed
484474,2656,Bid[1],Passed,
484473,2655,Bid[1],Passed,
484470,2654,Bid[1],Failed,Failed
484469,2653,Bid[1],Passed,
484467,2652,Bid[1],Passed,
484466,2651,Bid[1],Passed,
484465,2650,Bid[1],Passed,
484463,2649,Bid[1],Passed,
484462,2648,Bid[1],Passed,
484459,2647,Bid[1],Passed,
484458,2646,Bid[1],Passed,
484457,2645,Bid[1],Passed,
484454,2644,Bid[1],Passed,
484453,2643,Bid[1],Passed,
484452,2642,Bid[1],Passed,
484450,2641,No Bid,Passed,There are no current bids for selected customer.
484449,2640,Bid[1],Passed,
484446,2639,Bid[1],Passed,
484445,2638,Bid[1],Passed,
484444,2637,No Bid,Passed,There are no current bids for selected customer.
484441,2636,Bid[1],Passed,
484439,2635,Bid[1],Passed,
484438,2634,Bid[1],Passed,
484434,2633,Bid[1],Passed,
484433,2632,Bid[1],Passed,
484432,2631,Bid[1],Passed,
484429,2630,Bid[1],Passed,
484428,2629,Bid[1],Passed,
484426,2628,Bid[1],Passed,
484424,2627,Bid[1],Passed,
484423,2626,Bid[1],Passed,
484420,2625,Bid[1],Passed,
484418,2624,Bid[1],Failed,Failed
484413,2623,Bid[1],Passed,
484412,2622,Bid[1],Passed,
484409,2621,Bid[1],Passed,
484408,2620,Bid[1],Building Error Message: ,Building Error Message: 
484407,2619,Bid[1],Passed,
484406,2618,Bid[1],Passed,
484404,2617,Bid[1],Passed,
484400,2616,Bid[1],Passed,
484399,2615,Bid[1],Passed,
484398,2614,Bid[1],Passed,
484396,2613,No Bid,Passed,There are no current bids for selected customer.
484395,2612,Bid[1],Passed,
484393,2611,Bid[1],Passed,
484392,2610,Bid[1],Passed,
484391,2609,Bid[1],Passed,
484390,2608,Bid[1],Passed,
484389,2607,Bid[1],Passed,
484388,2606,Bid[1],Passed,
484387,2605,Bid[1],Failed,Failed
484386,2604,Bid[1],Failed,Failed
484384,2603,Bid[1],Passed,
484382,2602,Bid[1],Passed,
484381,2601,Bid[1],Building Error Message: Framed Openings should not have TBD openings.,Building Error Message: Framed Openings should not have TBD openings.
484380,2600,Bid[1],Passed,
484379,2599,Bid[1],Building Error Message: ,Building Error Message: 
484376,2598,Bid[1],Passed,
484375,2597,Bid[1],Passed,
484374,2596,Bid[1],Passed,
484372,2595,Bid[1],Passed,
484371,2594,Bid[1],Passed,
484370,2593,Bid[1],Passed,
484369,2592,Bid[1],Building Error Message: ,Building Error Message: 
484368,2591,Bid[1],Passed,
484367,2590,Bid[1],Passed,
484365,2589,Bid[1],Passed,
484363,2588,Bid[1],Passed,
484362,2587,Bid[1],Passed,
484361,2586,Bid[1],Passed,
484358,2585,Bid[1],Passed,
484357,2584,No Bid,Passed,There are no current bids for selected customer.
484356,2583,Bid[1],Passed,
484349,2582,Bid[1],Passed,
484347,2581,Bid[1],Passed,
484346,2580,Bid[1],Building Error Message: ,Building Error Message: 
484345,2579,Bid[1],Passed,
484340,2578,Bid[1],Passed,
484338,2577,Bid[1],Passed,
484337,2576,Bid[1],Passed,
484336,2575,Bid[1],Building Error Message: ,Building Error Message: 
484335,2574,Bid[1],Passed,
484334,2573,No Bid,Passed,There are no current bids for selected customer.
484332,2572,Bid[1],Passed,
484331,2571,Bid[1],Passed,
484329,2570,Bid[1],Passed,
484327,2569,Bid[1],Passed,
484323,2568,Bid[1],Passed,
484322,2567,Bid[1],Passed,
484321,2566,Bid[1],Building Error Message: ,Building Error Message: 
484319,2565,Bid[1],Passed,
484318,2564,Bid[1],Passed,
484317,2563,Bid[1],Passed,
484316,2562,Bid[1],Passed,
484315,2561,Bid[1],Passed,
484314,2560,Bid[1],Passed,
484312,2559,Bid[1],Passed,
484311,2558,No Bid,Passed,There are no current bids for selected customer.
484310,2557,No Bid,Passed,There are no current bids for selected customer.
484309,2556,No Bid,Passed,There are no current bids for selected customer.
484308,2555,Bid[1],Passed,
484307,2554,Bid[1],Passed,
484306,2553,Bid[1],Passed,
484305,2552,Bid[1],Passed,
484304,2551,Bid[1],Building Error Message: Framed Openings should not have TBD openings.,Building Error Message: Framed Openings should not have TBD openings.
484302,2550,Bid[1],Building Error Message: Framed Openings should not have TBD openings.,Building Error Message: Framed Openings should not have TBD openings.
484301,2549,Bid[1],Project Loading Failed,
,2548,Bid[0],Project Loading Failed,
484299,2547,Bid[1],Failed,Failed
484298,2546,Bid[1],Passed,
484297,2545,Bid[1],Passed,
484296,2544,Bid[1],Passed,
484295,2543,Bid[1],Passed,
484294,2542,Bid[1],Passed,
484293,2541,Bid[1],Passed,
484292,2540,Bid[1],Passed,
484291,2539,Bid[1],Building Error Message: Framed Openings should not have TBD openings.,Building Error Message: Framed Openings should not have TBD openings.
484290,2538,Bid[1],Passed,
484289,2537,Bid[1],Passed,
484288,2536,Bid[1],Passed,
484287,2535,Bid[1],Passed,
484286,2534,Bid[1],Passed,
484284,2533,Bid[1],Passed,
484283,2532,No Bid,Passed,There are no current bids for selected customer.
484282,2531,Bid[1],Passed,
484281,2530,Bid[1],Passed,
484280,2529,Bid[1],Passed,
484279,2528,Bid[1],Passed,
484278,2527,Bid[1],Passed,
484277,2526,Bid[1],Passed,
484276,2525,Bid[1],Passed,
484275,2524,No Bid,Passed,There are no current bids for selected customer.
484274,2523,Bid[1],Passed,
484273,2522,No Bid,Passed,There are no current bids for selected customer.
484272,2521,Bid[1],Failed,Failed
484271,2520,Bid[1],Passed,
484270,2519,Bid[1],Building Error Message: Framed Openings should not have TBD openings.,Building Error Message: Framed Openings should not have TBD openings.
484269,2518,Bid[1],Passed,
484268,2517,Bid[1],Failed,Failed
484267,2516,Bid[1],Passed,
484266,2515,Bid[1],Passed,
484264,2514,Bid[1],Passed,
484261,2513,Bid[1],Passed,
484259,2512,Bid[1],Passed,
484257,2511,No Bid,Passed,There are no current bids for selected customer.
484255,2510,Bid[1],Passed,
484252,2509,Bid[1],Passed,
484248,2508,Bid[1],Building Error Message: ,Building Error Message: 
484247,2507,Bid[1],Passed,
484244,2506,Bid[1],Passed,
484243,2505,No Bid,Passed,There are no current bids for selected customer.
484242,2504,Bid[1],Passed,
484241,2503,Bid[1],Passed,
484240,2502,Bid[1],Passed,
484238,2501,Bid[1],Failed,Failed
484237,2500,Bid[1],Passed,
484235,2499,Bid[1],Passed,
484234,2498,Bid[1],Passed,
484232,2497,Bid[1],Passed,
484227,2496,Bid[1],Building Error Message: Framed Openings should not have TBD openings.,Building Error Message: Framed Openings should not have TBD openings.
484226,2495,Bid[1],Passed,
484224,2494,Bid[1],Passed,
484223,2493,Bid[1],Passed,
484220,2492,Bid[1],Passed,
484219,2491,Bid[1],Building Error Message: Framed Openings should not have TBD openings.,Building Error Message: Framed Openings should not have TBD openings.
484218,2490,Bid[1],Passed,
484217,2489,Bid[1],Passed,
484216,2488,Bid[1],Building Error Message: Framed Openings should not have TBD openings.,Building Error Message: Framed Openings should not have TBD openings.
484214,2487,Bid[1],Passed,
484211,2486,Bid[1],Passed,
484208,2485,Bid[1],Passed,
484207,2484,Bid[1],Passed,
484206,2483,Bid[1],Passed,
484205,2482,Bid[1],Passed,
484203,2481,Bid[1],Passed,
484201,2480,Bid[1],Building Error Message: ,Building Error Message: 
484198,2479,Bid[1],Passed,
484197,2478,Bid[1],Failed,Failed
484196,2477,Bid[1],Passed,
484193,2476,Bid[1],Passed,
484192,2475,Bid[1],Passed,
484191,2474,Bid[1],Passed,
484189,2473,Bid[1],Passed,
484188,2472,Bid[1],Passed,
484187,2471,Bid[1],Passed,
484186,2470,Bid[1],Passed,
484182,2469,Bid[1],Passed,
484181,2468,Bid[1],Passed,
484180,2467,Bid[1],Passed,
484179,2466,Bid[1],Passed,
484178,2465,Bid[1],Passed,
484177,2464,Bid[1],Passed,
484175,2463,Bid[1],Passed,
484167,2462,Bid[1],Failed,Failed
484165,2461,Bid[1],Passed,
484164,2460,Bid[1],Passed,
484163,2459,Bid[1],Passed,
484162,2458,Bid[1],Passed,
484161,2457,Bid[1],Passed,
484157,2456,Bid[1],Passed,
484156,2455,Bid[1],Passed,
484154,2454,Bid[1],Passed,
484153,2453,Bid[1],Passed,
484152,2452,Bid[1],Passed,
484149,2451,Bid[1],Passed,
484148,2450,Bid[1],Passed,
484146,2449,Bid[1],Passed,
484145,2448,Bid[1],Passed,
484143,2447,Bid[1],Building Error Message: Mod 1: Framed Opening (Back SW) should not extend outside of wall.,Building Error Message: Mod 1: Framed Opening (Back SW) should not extend outside of wall.
484141,2446,Bid[1],Passed,
484139,2445,Bid[1],Passed,
484137,2444,Bid[1],Passed,
484135,2443,Bid[1],Passed,
484134,2442,Bid[1],Passed,
484133,2441,Bid[1],Passed,
484132,2440,Bid[1],Passed,
484131,2439,Bid[1],Passed,
484130,2438,Bid[1],Passed,
484128,2437,Bid[1],Passed,
484126,2436,Bid[1],Passed,
484124,2435,Bid[1],Passed,
484123,2434,Bid[1],Passed,
484122,2433,Bid[1],Passed,
484121,2432,Bid[1],Passed,
484120,2431,Bid[1],Passed,
484119,2430,No Bid,Passed,There are no current bids for selected customer.
484118,2429,Bid[1],Passed,
484117,2428,Bid[1],Passed,
484115,2427,Bid[1],Passed,
484114,2426,Bid[1],Passed,
484109,2425,Bid[1],Passed,
484107,2424,Bid[1],Building Error Message: Framed Openings should not have TBD openings.,Building Error Message: Framed Openings should not have TBD openings.
484106,2423,Bid[1],Passed,
484104,2422,Bid[1],Passed,
484103,2421,Bid[1],Passed,
484102,2420,Bid[1],Passed,
484101,2419,No Bid,Passed,There are no current bids for selected customer.
484100,2418,No Bid,Passed,There are no current bids for selected customer.
484097,2417,Bid[1],Passed,
484096,2416,Bid[1],Building Error Message: Framed Openings should not have TBD openings.,Building Error Message: Framed Openings should not have TBD openings.
484095,2415,Bid[1],Passed,
484094,2414,Bid[1],Passed,
484093,2413,Bid[1],Passed,
484092,2412,Bid[1],Passed,
484091,2411,No Bid,Passed,There are no current bids for selected customer.
484089,2410,Bid[1],Passed,
484088,2409,Bid[1],Passed,
484087,2408,Bid[1],Passed,
484085,2407,Bid[1],Failed,Failed
484082,2406,Bid[1],Passed,
484081,2405,Bid[1],Passed,
484080,2404,Bid[1],Passed,
484079,2403,Bid[1],Failed,Failed
484077,2402,Bid[1],Project Loading Failed,
484075,2401,Bid[1],Project Loading Failed,
484074,2400,Bid[1],Project Loading Failed,
484073,2399,Bid[1],Project Loading Failed,
484072,2398,Bid[1],Project Loading Failed,
484071,2397,Bid[1],Project Loading Failed,
484069,2396,Bid[1],Project Loading Failed,
484067,2395,No Bid,Passed,There are no current bids for selected customer.
484065,2394,Bid[1],Project Loading Failed,
484064,2393,Bid[1],Project Loading Failed,
484063,2392,Bid[1],Project Loading Failed,
484062,2391,Bid[1],Project Loading Failed,
484061,2390,Bid[1],Project Loading Failed,
484060,2389,Bid[1],Project Loading Failed,
484059,2388,Bid[1],Project Loading Failed,
484058,2387,Bid[1],Project Loading Failed,
484056,2386,Bid[1],Project Loading Failed,
484050,2385,Bid[1],Project Loading Failed,
484048,2384,No Bid,Passed,There are no current bids for selected customer.
484045,2383,Bid[1],Project Loading Failed,
484044,2382,Bid[1],Project Loading Failed,
484042,2381,Bid[1],Project Loading Failed,
484039,2380,Bid[1],Project Loading Failed,
484037,2379,Bid[1],Project Loading Failed,
484036,2378,Bid[1],Project Loading Failed,
484035,2377,Bid[1],Project Loading Failed,
484034,2376,Bid[1],Project Loading Failed,
484033,2375,Bid[1],Project Loading Failed,
484031,2374,Bid[1],Project Loading Failed,
484029,2373,Bid[1],Project Loading Failed,
484026,2372,Bid[1],Project Loading Failed,
484025,2371,Bid[1],Project Loading Failed,
484023,2370,Bid[1],Project Loading Failed,
484022,2369,Bid[1],Project Loading Failed,
484021,2368,Bid[1],Project Loading Failed,
484019,2367,Bid[1],Project Loading Failed,
484018,2366,Bid[1],Project Loading Failed,
484017,2365,Bid[1],Project Loading Failed,
484015,2364,Bid[1],Project Loading Failed,
484014,2363,Bid[1],Project Loading Failed,
484013,2362,Bid[1],Project Loading Failed,
,2361,Bid[0],Project Loading Failed,
484007,2360,Bid[1],Project Loading Failed,
484005,2359,Bid[1],Project Loading Failed,
484004,2358,Bid[1],Project Loading Failed,
484003,2357,Bid[1],Project Loading Failed,
484001,2356,Bid[1],Project Loading Failed,
484000,2355,Bid[1],Project Loading Failed,
483998,2354,Bid[1],Project Loading Failed,
483997,2353,Bid[1],Project Loading Failed,
483991,2352,Bid[1],Project Loading Failed,
483989,2351,Bid[1],Project Loading Failed,
483987,2350,Bid[1],Project Loading Failed,
483986,2349,Bid[1],Project Loading Failed,
483985,2348,No Bid,Passed,There are no current bids for selected customer.
483984,2347,Bid[1],Project Loading Failed,
483983,2346,No Bid,Passed,There are no current bids for selected customer.
483980,2345,Bid[1],Project Loading Failed,
483978,2344,Bid[1],Project Loading Failed,
483977,2343,Bid[1],Project Loading Failed,
483976,2342,Bid[1],Project Loading Failed,
483975,2341,Bid[1],Project Loading Failed,
483974,2340,Bid[1],Project Loading Failed,
483967,2339,Bid[1],Project Loading Failed,
483966,2338,Bid[1],Project Loading Failed,
483965,2337,Bid[1],Project Loading Failed,
483964,2336,Bid[1],Project Loading Failed,
483963,2335,Bid[1],Project Loading Failed,
483961,2334,Bid[1],Project Loading Failed,
483960,2333,Bid[1],Project Loading Failed,
483959,2332,Bid[1],Project Loading Failed,
483957,2331,Bid[1],Project Loading Failed,
483954,2330,Bid[1],Project Loading Failed,
483952,2329,Bid[1],Project Loading Failed,
483951,2328,Bid[1],Project Loading Failed,
483947,2327,No Bid,Passed,There are no current bids for selected customer.
483946,2326,Bid[1],Project Loading Failed,
483945,2325,Bid[1],Project Loading Failed,
483943,2324,Bid[1],Project Loading Failed,
483942,2323,Bid[1],Project Loading Failed,
483941,2322,Bid[1],Project Loading Failed,
483939,2321,Bid[1],Project Loading Failed,
483938,2320,Bid[1],Project Loading Failed,
483937,2319,Bid[1],Project Loading Failed,
483936,2318,Bid[1],Project Loading Failed,
483935,2317,Bid[1],Project Loading Failed,
483933,2316,Bid[1],Project Loading Failed,
483932,2315,Bid[1],Project Loading Failed,
483931,2314,Bid[1],Project Loading Failed,
483929,2313,Bid[1],Project Loading Failed,
483928,2312,Bid[1],Project Loading Failed,
483927,2311,Bid[1],Project Loading Failed,
483926,2310,Bid[1],Project Loading Failed,
483924,2309,Bid[1],Project Loading Failed,
483920,2308,Bid[1],Project Loading Failed,
483919,2307,Bid[1],Project Loading Failed,
483918,2306,Bid[1],Project Loading Failed,
483917,2305,Bid[1],Project Loading Failed,
483916,2304,Bid[1],Project Loading Failed,
483914,2303,Bid[1],Project Loading Failed,
483910,2302,Bid[1],Project Loading Failed,
483907,2301,Bid[1],Project Loading Failed,
483906,2300,No Bid,Passed,There are no current bids for selected customer.
483905,2299,Bid[1],Project Loading Failed,
483903,2298,Bid[1],Project Loading Failed,
483902,2297,Bid[1],Project Loading Failed,
483899,2296,Bid[1],Project Loading Failed,
483897,2295,Bid[1],Project Loading Failed,
483895,2294,Bid[1],Project Loading Failed,
483894,2293,Bid[1],Project Loading Failed,
483892,2292,Bid[1],Project Loading Failed,
483891,2291,Bid[1],Project Loading Failed,
483890,2290,Bid[1],Project Loading Failed,
483889,2289,Bid[1],Project Loading Failed,
483887,2288,Bid[1],Project Loading Failed,
483885,2287,Bid[1],Project Loading Failed,
483884,2286,Bid[1],Project Loading Failed,
483878,2285,Bid[1],Project Loading Failed,
483876,2284,Bid[1],Project Loading Failed,
483875,2283,No Bid,Passed,There are no current bids for selected customer.
483874,2282,Bid[1],Project Loading Failed,
483873,2281,Bid[1],Project Loading Failed,
483871,2280,Bid[1],Project Loading Failed,
483870,2279,Bid[1],Project Loading Failed,
483869,2278,Bid[1],Project Loading Failed,
483868,2277,Bid[1],Project Loading Failed,
483866,2276,Bid[1],Project Loading Failed,
483864,2275,Bid[1],Project Loading Failed,
483862,2274,Bid[1],Project Loading Failed,
483861,2273,Bid[1],Project Loading Failed,
483859,2272,Bid[1],Project Loading Failed,
483857,2271,Bid[1],Project Loading Failed,
483856,2270,Bid[1],Project Loading Failed,
483855,2269,Bid[1],Project Loading Failed,
483854,2268,Bid[1],Project Loading Failed,
483853,2267,Bid[1],Project Loading Failed,
483852,2266,Bid[1],Project Loading Failed,
483851,2265,Bid[1],Project Loading Failed,
483850,2264,Bid[1],Project Loading Failed,
483848,2263,Bid[1],Project Loading Failed,
483845,2262,Bid[1],Project Loading Failed,
483844,2261,Bid[1],Project Loading Failed,
483841,2260,Bid[1],Project Loading Failed,
483838,2259,Bid[1],Project Loading Failed,
483837,2258,Bid[1],Project Loading Failed,
483836,2257,Bid[1],Project Loading Failed,
483835,2256,Bid[1],Project Loading Failed,
483834,2255,Bid[1],Project Loading Failed,
483832,2254,Bid[1],Project Loading Failed,
483831,2253,Bid[1],Project Loading Failed,
483828,2252,Bid[1],Project Loading Failed,
483825,2251,Bid[1],Project Loading Failed,
483824,2250,Bid[1],Project Loading Failed,
483822,2249,Bid[1],Project Loading Failed,
483821,2248,Bid[1],Project Loading Failed,
483820,2247,Bid[1],Project Loading Failed,
483819,2246,Bid[1],Project Loading Failed,
483817,2245,Bid[1],Project Loading Failed,
483816,2244,No Bid,Passed,There are no current bids for selected customer.
483815,2243,Bid[1],Project Loading Failed,
483813,2242,Bid[1],Project Loading Failed,
483812,2241,No Bid,Passed,There are no current bids for selected customer.
483808,2240,Bid[1],Project Loading Failed,
483807,2239,Bid[1],Project Loading Failed,
483806,2238,Bid[1],Project Loading Failed,
483803,2237,Bid[1],Project Loading Failed,
483801,2236,Bid[1],Project Loading Failed,
483800,2235,Bid[1],Project Loading Failed,
483798,2234,Bid[1],Project Loading Failed,
483797,2233,Bid[1],Project Loading Failed,
483796,2232,Bid[1],Project Loading Failed,
483795,2231,Bid[1],Project Loading Failed,
483793,2230,Bid[1],Project Loading Failed,
483791,2229,Bid[1],Project Loading Failed,
483790,2228,Bid[1],Project Loading Failed,
483789,2227,Bid[1],Project Loading Failed,
483788,2226,No Bid,Passed,There are no current bids for selected customer.
483787,2225,Bid[1],Project Loading Failed,
483786,2224,Bid[1],Project Loading Failed,
483784,2223,Bid[1],Project Loading Failed,
483781,2222,Bid[1],Project Loading Failed,
483780,2221,Bid[1],Project Loading Failed,
483779,2220,Bid[1],Project Loading Failed,
483778,2219,Bid[1],Project Loading Failed,
483777,2218,Bid[1],Project Loading Failed,
483776,2217,Bid[1],Project Loading Failed,
483773,2216,Bid[1],Project Loading Failed,
483770,2215,No Bid,Passed,There are no current bids for selected customer.
483768,2214,Bid[1],Project Loading Failed,
483767,2213,Bid[1],Project Loading Failed,
483766,2212,Bid[1],Project Loading Failed,
483765,2211,Bid[1],Project Loading Failed,
483762,2210,Bid[1],Project Loading Failed,
483759,2209,Bid[1],Project Loading Failed,
483758,2208,Bid[1],Project Loading Failed,
483757,2207,Bid[1],Project Loading Failed,
483755,2206,Bid[1],Project Loading Failed,
483754,2205,Bid[1],Project Loading Failed,
483751,2204,Bid[1],Project Loading Failed,
483749,2203,Bid[1],Project Loading Failed,
483748,2202,Bid[1],Project Loading Failed,
483747,2201,Bid[1],Project Loading Failed,
483745,2200,Bid[1],Project Loading Failed,
483744,2199,Bid[1],Project Loading Failed,
483742,2198,Bid[1],Project Loading Failed,
483739,2197,Bid[1],Project Loading Failed,
483737,2196,Bid[1],Project Loading Failed,
483733,2195,Bid[1],Project Loading Failed,
483731,2194,Bid[1],Project Loading Failed,
483727,2193,Bid[1],Project Loading Failed,
483725,2192,Bid[1],Project Loading Failed,
483724,2191,Bid[1],Project Loading Failed,
483722,2190,Bid[1],Project Loading Failed,
483721,2189,Bid[1],Project Loading Failed,
483719,2188,Bid[1],Project Loading Failed,
483718,2187,Bid[1],Project Loading Failed,
483714,2186,Bid[1],Project Loading Failed,
483712,2185,Bid[1],Project Loading Failed,
483710,2184,Bid[1],Project Loading Failed,
483709,2183,Bid[1],Project Loading Failed,
483708,2182,Bid[1],Project Loading Failed,
483707,2181,Bid[1],Project Loading Failed,
483706,2180,Bid[1],Project Loading Failed,
483705,2179,Bid[1],Project Loading Failed,
483704,2178,Bid[1],Project Loading Failed,
483702,2177,Bid[1],Project Loading Failed,
483701,2176,Bid[1],Project Loading Failed,
483700,2175,Bid[1],Project Loading Failed,
483699,2174,Bid[1],Project Loading Failed,
483698,2173,Bid[1],Project Loading Failed,
483697,2172,Bid[1],Project Loading Failed,
483696,2171,Bid[1],Project Loading Failed,
483695,2170,Bid[1],Project Loading Failed,
483694,2169,Bid[1],Project Loading Failed,
483689,2168,Bid[1],Project Loading Failed,
483688,2167,Bid[1],Project Loading Failed,
483686,2166,Bid[1],Project Loading Failed,
483685,2165,Bid[1],Project Loading Failed,
483684,2164,Bid[1],Project Loading Failed,
483681,2163,Bid[1],Project Loading Failed,
483680,2162,Bid[1],Project Loading Failed,
483679,2161,Bid[1],Project Loading Failed,
483678,2160,Bid[1],Project Loading Failed,
483676,2159,Bid[1],Failed,Failed
483675,2158,Bid[1],Project Loading Failed,
483674,2157,Bid[1],Project Loading Failed,
483673,2156,Bid[1],Project Loading Failed,
483671,2155,Bid[1],Project Loading Failed,
483670,2154,Bid[1],Project Loading Failed,
483668,2153,Bid[1],Project Loading Failed,
483667,2152,Bid[1],Project Loading Failed,
483665,2151,Bid[1],Project Loading Failed,
483664,2150,Bid[1],Project Loading Failed,
483663,2149,Bid[1],Project Loading Failed,
483662,2148,Bid[1],Project Loading Failed,
483658,2147,Bid[1],Project Loading Failed,
483657,2146,Bid[1],Project Loading Failed,
483654,2145,Bid[1],Project Loading Failed,
483652,2144,Bid[1],Project Loading Failed,
483649,2143,Bid[1],Project Loading Failed,
483648,2142,Bid[1],Project Loading Failed,
483646,2141,Bid[1],Project Loading Failed,
483645,2140,Bid[1],Project Loading Failed,
483644,2139,Bid[1],Project Loading Failed,
483643,2138,Bid[1],Project Loading Failed,
483641,2137,Bid[1],Project Loading Failed,
483640,2136,Bid[1],Project Loading Failed,
483639,2135,Bid[1],Project Loading Failed,
483637,2134,Bid[1],Project Loading Failed,
483636,2133,Bid[1],Project Loading Failed,
483635,2132,Bid[1],Project Loading Failed,
483634,2131,Bid[1],Project Loading Failed,
483633,2130,Bid[1],Project Loading Failed,
483631,2129,Bid[1],Project Loading Failed,
483630,2128,Bid[1],Project Loading Failed,
483629,2127,Bid[1],Project Loading Failed,
483628,2126,Bid[1],Project Loading Failed,
483627,2125,Bid[1],Project Loading Failed,
483626,2124,Bid[1],Project Loading Failed,
483625,2123,Bid[1],Project Loading Failed,
483624,2122,Bid[1],Project Loading Failed,
483623,2121,No Bid,Passed,There are no current bids for selected customer.
483622,2120,Bid[1],Project Loading Failed,
483621,2119,Bid[1],Project Loading Failed,
483620,2118,Bid[1],Project Loading Failed,
483619,2117,Bid[1],Project Loading Failed,
483618,2116,Bid[1],Project Loading Failed,
483617,2115,Bid[1],Project Loading Failed,
483616,2114,No Bid,Passed,There are no current bids for selected customer.
483614,2113,Bid[1],Project Loading Failed,
483613,2112,Bid[1],Project Loading Failed,
483611,2111,Bid[1],Project Loading Failed,
483610,2110,Bid[1],Project Loading Failed,
483609,2109,Bid[1],Project Loading Failed,
483607,2108,Bid[1],Project Loading Failed,
483606,2107,Bid[1],Project Loading Failed,
483604,2106,Bid[1],Project Loading Failed,
483601,2105,Bid[1],Project Loading Failed,
483600,2104,Bid[1],Project Loading Failed,
483599,2103,Bid[1],Project Loading Failed,
483597,2102,Bid[1],Project Loading Failed,
483595,2101,Bid[1],Project Loading Failed,
483592,2100,Bid[1],Project Loading Failed,
483590,2099,Bid[1],Project Loading Failed,
483588,2098,Bid[1],Project Loading Failed,
483585,2097,Bid[1],Project Loading Failed,
483584,2096,Bid[1],Project Loading Failed,
483581,2095,Bid[1],Project Loading Failed,
483577,2094,Bid[1],Project Loading Failed,
483575,2093,Bid[1],Project Loading Failed,
483574,2092,Bid[1],Project Loading Failed,
483573,2091,Bid[1],Project Loading Failed,
483572,2090,Bid[1],Project Loading Failed,
483570,2089,Bid[1],Project Loading Failed,
483568,2088,Bid[1],Project Loading Failed,
483567,2087,Bid[1],Project Loading Failed,
483566,2086,Bid[1],Project Loading Failed,
483563,2085,Bid[1],Project Loading Failed,
483562,2084,Bid[1],Project Loading Failed,
483561,2083,Bid[1],Project Loading Failed,
483560,2082,Bid[1],Project Loading Failed,
483559,2081,Bid[1],Project Loading Failed,
483558,2080,Bid[1],Project Loading Failed,
483557,2079,Bid[1],Project Loading Failed,
483556,2078,Bid[1],Project Loading Failed,
483555,2077,Bid[1],Project Loading Failed,
483554,2076,Bid[1],Project Loading Failed,
483553,2075,Bid[1],Project Loading Failed,
483551,2074,Bid[1],Project Loading Failed,
483547,2072,Bid[1],Project Loading Failed,
483546,2071,Bid[1],Project Loading Failed,
483544,2069,Bid[1],Project Loading Failed,
483543,2068,Bid[1],Project Loading Failed,
483542,2067,Bid[1],Project Loading Failed,
483540,2066,Bid[1],Project Loading Failed,
483539,2065,Bid[1],Project Loading Failed,
483536,2064,Bid[1],Project Loading Failed,
483535,2063,Bid[1],Project Loading Failed,
483534,2062,Bid[1],Project Loading Failed,
483532,2061,Bid[1],Project Loading Failed,
483531,2060,Bid[1],Project Loading Failed,
483530,2059,Bid[1],Project Loading Failed,
483529,2058,Bid[1],Project Loading Failed,
483528,2057,Bid[1],Project Loading Failed,
483527,2056,Bid[1],Project Loading Failed,
483526,2055,Bid[1],Project Loading Failed,
483524,2054,Bid[1],Project Loading Failed,
483523,2053,Bid[1],Project Loading Failed,
483522,2052,Bid[1],Project Loading Failed,
483521,2051,Bid[1],Project Loading Failed,
483520,2050,No Bid,Passed,There are no current bids for selected customer.
483519,2049,Bid[1],Project Loading Failed,
483518,2048,Bid[1],Project Loading Failed,
483517,2047,Bid[1],Project Loading Failed,
483515,2046,Bid[1],Project Loading Failed,
483513,2045,Bid[1],Project Loading Failed,
483512,2044,Bid[1],Project Loading Failed,
483509,2043,Bid[1],Project Loading Failed,
483508,2042,Bid[1],Project Loading Failed,
483507,2041,Bid[1],Project Loading Failed,
483506,2040,Bid[1],Project Loading Failed,
483505,2039,Bid[1],Project Loading Failed,
483503,2038,Bid[1],Project Loading Failed,
483502,2037,Bid[1],Project Loading Failed,
483501,2036,Bid[1],Project Loading Failed,
483499,2035,Bid[1],Project Loading Failed,
483498,2034,Bid[1],Project Loading Failed,
483497,2033,Bid[1],Project Loading Failed,
483496,2032,Bid[1],Project Loading Failed,
483495,2031,Bid[1],Project Loading Failed,
483493,2030,No Bid,Passed,There are no current bids for selected customer.
483492,2029,Bid[1],Project Loading Failed,
483491,2028,Bid[1],Project Loading Failed,
483487,2027,Bid[1],Project Loading Failed,
483486,2026,Bid[1],Project Loading Failed,
483485,2025,No Bid,Passed,There are no current bids for selected customer.
483484,2024,Bid[1],Project Loading Failed,
483483,2023,Bid[1],Project Loading Failed,
483479,2022,Bid[1],Project Loading Failed,
483478,2021,No Bid,Passed,There are no current bids for selected customer.
483476,2020,Bid[1],Project Loading Failed,
483475,2019,Bid[1],Project Loading Failed,
483473,2018,Bid[1],Project Loading Failed,
483472,2017,Bid[1],Project Loading Failed,
483471,2016,Bid[1],Project Loading Failed,
483470,2015,Bid[1],Project Loading Failed,
483468,2014,Bid[1],Project Loading Failed,
483467,2013,Bid[1],Project Loading Failed,
483466,2012,Bid[1],Project Loading Failed,
483465,2011,Bid[1],Project Loading Failed,
483463,2010,Bid[1],Project Loading Failed,
483462,2009,Bid[1],Project Loading Failed,
483461,2008,Bid[1],Project Loading Failed,
483460,2007,Bid[1],Project Loading Failed,
483459,2006,Bid[1],Project Loading Failed,
483458,2005,Bid[1],Project Loading Failed,
483456,2004,Bid[1],Project Loading Failed,
483455,2003,Bid[1],Project Loading Failed,
483454,2002,Bid[1],Project Loading Failed,
483453,2001,No Bid,Passed,There are no current bids for selected customer.
483449,2000,Bid[1],Project Loading Failed,
483447,1999,Bid[1],Project Loading Failed,
483446,1998,Bid[1],Project Loading Failed,
483445,1997,Bid[1],Project Loading Failed,
483444,1996,Bid[1],Project Loading Failed,
483442,1995,Bid[1],Project Loading Failed,
483441,1994,Bid[1],Project Loading Failed,
483440,1993,Bid[1],Project Loading Failed,
483438,1992,Bid[1],Project Loading Failed,
483437,1991,Bid[1],Project Loading Failed,
483436,1990,Bid[1],Project Loading Failed,
483434,1989,Bid[1],Project Loading Failed,
483432,1988,Bid[1],Project Loading Failed,
483430,1987,Bid[1],Project Loading Failed,
483428,1986,Bid[1],Project Loading Failed,
483427,1985,Bid[1],Passed,
483426,1984,Bid[1],Passed,
483423,1982,Bid[1],Passed,
483421,1981,Bid[1],Passed,
483419,1980,Bid[1],Passed,
483417,1979,Bid[1],Failed,Failed
483415,1978,Bid[1],Building Error Message: ,Building Error Message: 
483414,1977,Bid[1],Passed,
483413,1976,Bid[1],Passed,
483412,1975,Bid[1],Passed,
483410,1974,Bid[1],Passed,
483408,1973,Bid[1],Passed,
483406,1972,Bid[1],Passed,
,1971,Bid[0],Project Loading Failed,
,1970,Bid[0],Project Loading Failed,
,1969,Bid[0],Project Loading Failed,
,1968,Bid[0],Project Loading Failed,
,1967,Bid[0],Project Loading Failed,
,1966,Bid[0],Project Loading Failed,
,1965,Bid[0],Project Loading Failed,
,1964,Bid[0],Project Loading Failed,
,1963,Bid[0],Project Loading Failed,
,1962,Bid[0],Project Loading Failed,
,1961,Bid[0],Project Loading Failed,
,1960,Bid[0],Project Loading Failed,
,1959,Bid[0],Project Loading Failed,
,1958,Bid[0],Project Loading Failed,
,1957,Bid[0],Project Loading Failed,
,1956,Bid[0],Project Loading Failed,
,1955,Bid[0],Project Loading Failed,
,1954,Bid[0],Project Loading Failed,
,1953,Bid[0],Project Loading Failed,
,1952,Bid[0],Project Loading Failed,
,1951,Bid[0],Project Loading Failed,
,1950,Bid[0],Project Loading Failed,
,1949,Bid[0],Project Loading Failed,
,1948,Bid[0],Project Loading Failed,
,1947,Bid[0],Project Loading Failed,
,1946,Bid[0],Project Loading Failed,
,1945,Bid[0],Project Loading Failed,
,1944,Bid[0],Project Loading Failed,
,1943,Bid[0],Project Loading Failed,
,1942,Bid[0],Project Loading Failed,
,1941,Bid[0],Project Loading Failed,
,1940,Bid[0],Project Loading Failed,
,1939,Bid[0],Project Loading Failed,
,1938,Bid[0],Project Loading Failed,
,1937,Bid[0],Project Loading Failed,
,1936,Bid[0],Project Loading Failed,
,1935,Bid[0],Project Loading Failed,
,1934,Bid[0],Project Loading Failed,
,1933,Bid[0],Project Loading Failed,
,1932,Bid[0],Project Loading Failed,
,1931,Bid[0],Project Loading Failed,
,1930,Bid[0],Project Loading Failed,
,1929,Bid[0],Project Loading Failed,
,1928,Bid[0],Project Loading Failed,
,1927,Bid[0],Project Loading Failed,
,1926,Bid[0],Project Loading Failed,
,1925,Bid[0],Project Loading Failed,
,1924,Bid[0],Project Loading Failed,
,1923,Bid[0],Project Loading Failed,
,1922,Bid[0],Project Loading Failed,
,1921,Bid[0],Project Loading Failed,
,1920,Bid[0],Project Loading Failed,
,1919,Bid[0],Project Loading Failed,
,1918,Bid[0],Project Loading Failed,
,1917,Bid[0],Project Loading Failed,
,1916,Bid[0],Project Loading Failed,
,1915,Bid[0],Project Loading Failed,
,1914,Bid[0],Project Loading Failed,
,1913,Bid[0],Project Loading Failed,
,1912,Bid[0],Project Loading Failed,
,1911,Bid[0],Project Loading Failed,
,1910,Bid[0],Project Loading Failed,
,1909,Bid[0],Project Loading Failed,
,1908,Bid[0],Project Loading Failed,
,1907,Bid[0],Project Loading Failed,
,1906,Bid[0],Project Loading Failed,
,1905,Bid[0],Project Loading Failed,
,1904,Bid[0],Project Loading Failed,
,1903,Bid[0],Project Loading Failed,
,1902,Bid[0],Project Loading Failed,
,1901,Bid[0],Project Loading Failed,
,1900,Bid[0],Project Loading Failed,
,1899,Bid[0],Project Loading Failed,
,1898,Bid[0],Project Loading Failed,
,1897,Bid[0],Project Loading Failed,
,1896,Bid[0],Project Loading Failed,
,1895,Bid[0],Project Loading Failed,
,1894,Bid[0],Project Loading Failed,
,1893,Bid[0],Project Loading Failed,
,1892,Bid[0],Project Loading Failed,
,1891,Bid[0],Project Loading Failed,
,1890,Bid[0],Project Loading Failed,
,1889,Bid[0],Project Loading Failed,
,1888,Bid[0],Project Loading Failed,
,1887,Bid[0],Project Loading Failed,
,1886,Bid[0],Project Loading Failed,
,1885,Bid[0],Project Loading Failed,
,1884,Bid[0],Project Loading Failed,
,1883,Bid[0],Project Loading Failed,
,1882,Bid[0],Project Loading Failed,
,1881,Bid[0],Project Loading Failed,
,1880,Bid[0],Project Loading Failed,
,1879,Bid[0],Project Loading Failed,
,1878,Bid[0],Project Loading Failed,
,1877,Bid[0],Project Loading Failed,
,1876,Bid[0],Project Loading Failed,
,1875,Bid[0],Project Loading Failed,
,1874,Bid[0],Project Loading Failed,
,1873,Bid[0],Project Loading Failed,
,1872,Bid[0],Project Loading Failed,
,1871,Bid[0],Project Loading Failed,
,1870,Bid[0],Project Loading Failed,
,1869,Bid[0],Project Loading Failed,
,1868,Bid[0],Project Loading Failed,
,1867,Bid[0],Project Loading Failed,
,1866,Bid[0],Project Loading Failed,
,1865,Bid[0],Project Loading Failed,
,1864,Bid[0],Project Loading Failed,
,1863,Bid[0],Project Loading Failed,
,1862,Bid[0],Project Loading Failed,
,1861,Bid[0],Project Loading Failed,
,1860,Bid[0],Project Loading Failed,
,1859,Bid[0],Project Loading Failed,
,1858,Bid[0],Project Loading Failed,
,1857,Bid[0],Project Loading Failed,
,1856,Bid[0],Project Loading Failed,
,1855,Bid[0],Project Loading Failed,
,1854,Bid[0],Project Loading Failed,
,1853,Bid[0],Project Loading Failed,
,1852,Bid[0],Project Loading Failed,
,1851,Bid[0],Project Loading Failed,
,1850,Bid[0],Project Loading Failed,
,1849,Bid[0],Project Loading Failed,
,1848,Bid[0],Project Loading Failed,
,1847,Bid[0],Project Loading Failed,
,1846,Bid[0],Project Loading Failed,
483201,1845,Bid[1],Passed,
483200,1844,Bid[1],Passed,
483198,1843,Bid[1],Passed,
483196,1842,Bid[1],Passed,
483194,1841,Bid[1],Building Error Message: ,Building Error Message: 
483192,1840,Bid[1],Passed,
483191,1839,Bid[1],Passed,
483190,1838,Bid[1],Passed,
483188,1837,Bid[1],Building Error Message: ,Building Error Message: 
483187,1836,Bid[1],Passed,
483186,1835,Bid[1],Passed,
483184,1834,Bid[1],Passed,
483181,1833,Bid[1],Passed,
483179,1832,Bid[1],Passed,
483178,1831,Bid[1],Building Error Message: ,Building Error Message: 
483177,1830,Bid[1],Passed,
483176,1829,Bid[1],Building Error Message: ,Building Error Message: 
483174,1828,Bid[1],Passed,
483173,1827,Bid[1],Passed,
483172,1826,Bid[1],Passed,
483171,1825,Bid[1],Passed,
483170,1824,No Bid,Passed,There are no current bids for selected customer.
483168,1823,No Bid,Passed,There are no current bids for selected customer.
483166,1822,Bid[1],Passed,
483165,1821,Bid[1],Passed,
483164,1820,Bid[1],Passed,
483163,1819,Bid[1],Passed,
483162,1818,Bid[1],Passed,
483161,1817,Bid[1],Passed,
483160,1816,Bid[1],Passed,
483159,1815,Bid[1],Passed,
483158,1814,Bid[1],Passed,
483157,1813,Bid[1],Passed,
483156,1812,Bid[1],Passed,
483155,1811,Bid[1],Building Error Message: ,Building Error Message: 
483154,1810,Bid[1],Building Error Message: ,Building Error Message: 
483152,1809,Bid[1],Passed,
483151,1808,Bid[1],Passed,
483149,1807,Bid[1],Passed,
483147,1806,Bid[1],Building Error Message: ,Building Error Message: 
483144,1805,Bid[1],Passed,
483143,1804,Bid[1],Passed,
483139,1803,Bid[1],Passed,
483138,1802,Bid[1],Failed,Failed
483134,1801,Bid[1],Passed,
483132,1800,Bid[1],Passed,
483131,1799,Bid[1],Passed,
483129,1798,Bid[1],Passed,
483128,1797,Bid[1],Passed,
483127,1796,Bid[1],Passed,
483126,1795,Bid[1],Passed,
483123,1794,Bid[1],Building Error Message: Framed Openings should not have TBD openings.,Building Error Message: Framed Openings should not have TBD openings.
483122,1793,Bid[1],Passed,
483121,1792,Bid[1],Passed,
483120,1791,Bid[1],Passed,
483118,1790,Bid[1],Passed,
483117,1789,Bid[1],Passed,
483113,1788,Bid[1],Passed,
483112,1787,Bid[1],Passed,
483109,1786,Bid[1],Passed,
483108,1785,Bid[1],Passed,
483107,1784,Bid[1],Passed,
483106,1783,Bid[1],Passed,
483105,1782,Bid[1],Passed,
483103,1781,Bid[1],Passed,
483101,1780,Bid[1],Passed,
483100,1779,Bid[1],Passed,
483099,1778,Bid[1],Passed,
483098,1777,Bid[1],Failed,Failed
483096,1776,Bid[1],Passed,
483094,1775,Bid[1],Passed,
483093,1774,Bid[1],Passed,
483092,1773,Bid[1],Passed,
483091,1772,Bid[1],Passed,
483089,1771,Bid[1],Passed,
483088,1770,Bid[1],Passed,
483086,1769,Bid[1],Passed,
483085,1768,Bid[1],Building Error Message: Framed Openings should not have TBD openings.,Building Error Message: Framed Openings should not have TBD openings.
483083,1767,Bid[1],Passed,
483082,1766,Bid[1],Passed,
483081,1765,Bid[1],Passed,
483080,1764,Bid[1],Passed,
483079,1763,Bid[1],Passed,
483078,1762,Bid[1],Passed,
483077,1761,Bid[1],Passed,
483075,1760,Bid[1],Building Error Message: Framed Openings should not have TBD openings.,Building Error Message: Framed Openings should not have TBD openings.
483070,1759,Bid[1],Passed,
483068,1758,Bid[1],Passed,
483067,1757,Bid[1],Passed,
483065,1756,Bid[1],Passed,
483063,1755,Bid[1],Passed,
483062,1754,Bid[1],Passed,
483060,1753,Bid[1],Passed,
483058,1752,Bid[1],Passed,
483057,1751,Bid[1],Passed,
483055,1750,Bid[1],Passed,
483054,1749,Bid[1],Passed,
483051,1748,Bid[1],Passed,
483050,1747,Bid[1],Passed,
483049,1746,Bid[1],Passed,
483046,1745,Bid[1],Passed,
483045,1744,Bid[1],Passed,
483043,1742,Bid[1],Passed,
483042,1741,Bid[1],Passed,
483041,1740,Bid[1],Passed,
483039,1739,Bid[1],Passed,
483038,1738,Bid[1],Passed,
483037,1737,Bid[1],Failed,Failed
483033,1736,Bid[1],Project Loading Failed,
483030,1735,Bid[1],Project Loading Failed,
483028,1734,Bid[1],Project Loading Failed,
483027,1733,No Bid,Passed,There are no current bids for selected customer.
483026,1732,Bid[1],Project Loading Failed,
483025,1731,Bid[1],Project Loading Failed,
483024,1730,Bid[1],Project Loading Failed,
,1729,Bid[0],Project Loading Failed,
,1728,Bid[0],Project Loading Failed,
483018,1727,Bid[1],Project Loading Failed,
483017,1726,No Bid,Passed,There are no current bids for selected customer.
483016,1725,Bid[1],Project Loading Failed,
483015,1724,Bid[1],Project Loading Failed,
483011,1723,Bid[1],Project Loading Failed,
483006,1722,Bid[1],Project Loading Failed,
483002,1721,Bid[1],Project Loading Failed,
483001,1720,Bid[1],Project Loading Failed,
483000,1719,Bid[1],Project Loading Failed,
482997,1717,Bid[1],Project Loading Failed,
482996,1716,No Bid,Passed,There are no current bids for selected customer.
482994,1715,Bid[1],Project Loading Failed,
482992,1714,No Bid,Passed,There are no current bids for selected customer.
482990,1713,Bid[1],Project Loading Failed,
482988,1712,Bid[1],Project Loading Failed,
482987,1711,Bid[1],Project Loading Failed,
482985,1710,Bid[1],Project Loading Failed,
482984,1709,Bid[1],Project Loading Failed,
482983,1708,Bid[1],Project Loading Failed,
482982,1707,Bid[1],Project Loading Failed,
482979,1706,Bid[1],Project Loading Failed,
482978,1705,Bid[1],Project Loading Failed,
482977,1704,Bid[1],Project Loading Failed,
482975,1703,Bid[1],Project Loading Failed,
482974,1702,Bid[1],Project Loading Failed,
482973,1701,Bid[1],Project Loading Failed,
482972,1700,Bid[1],Project Loading Failed,
482971,1699,Bid[1],Project Loading Failed,
482970,1698,Bid[1],Project Loading Failed,
482968,1697,Bid[1],Project Loading Failed,
482967,1696,Bid[1],Project Loading Failed,
482966,1695,Bid[1],Project Loading Failed,
482965,1694,Bid[1],Project Loading Failed,
482963,1693,Bid[1],Project Loading Failed,
482961,1691,Bid[1],Project Loading Failed,
482957,1689,Bid[1],Project Loading Failed,
482956,1688,Bid[1],Project Loading Failed,
482955,1687,Bid[1],Project Loading Failed,
482954,1686,Bid[1],Project Loading Failed,
482953,1685,Bid[1],Project Loading Failed,
482952,1684,Bid[1],Project Loading Failed,
482949,1683,Bid[1],Project Loading Failed,
482948,1682,Bid[1],Project Loading Failed,
482947,1681,Bid[1],Project Loading Failed,
482945,1680,Bid[1],Project Loading Failed,
482944,1679,Bid[1],Project Loading Failed,
482943,1678,Bid[1],Project Loading Failed,
482942,1677,Bid[1],Project Loading Failed,
482940,1676,Bid[1],Project Loading Failed,
482939,1675,Bid[1],Project Loading Failed,
482938,1674,Bid[1],Project Loading Failed,
482934,1673,Bid[1],Project Loading Failed,
482933,1672,Bid[1],Project Loading Failed,
482932,1671,Bid[1],Project Loading Failed,
482931,1670,Bid[1],Project Loading Failed,
482930,1669,Bid[1],Project Loading Failed,
482929,1668,Bid[1],Project Loading Failed,
482928,1667,Bid[1],Project Loading Failed,
482927,1666,Bid[1],Project Loading Failed,
482926,1665,Bid[1],Project Loading Failed,
482925,1664,Bid[1],Project Loading Failed,
482924,1663,Bid[1],Project Loading Failed,
482921,1661,Bid[1],Project Loading Failed,
482920,1660,Bid[1],Project Loading Failed,
482919,1659,Bid[1],Project Loading Failed,
482918,1658,Bid[1],Project Loading Failed,
482917,1657,Bid[1],Project Loading Failed,
482916,1656,Bid[1],Project Loading Failed,
482912,1655,Bid[1],Project Loading Failed,
482909,1654,Bid[1],Project Loading Failed,
482907,1653,Bid[1],Project Loading Failed,
482901,1652,Bid[1],Project Loading Failed,
482899,1651,Bid[1],Project Loading Failed,
482898,1650,Bid[1],Project Loading Failed,
482897,1649,Bid[1],Project Loading Failed,
482893,1648,Bid[1],Project Loading Failed,
482891,1647,Bid[1],Project Loading Failed,
482890,1646,Bid[1],Project Loading Failed,
482889,1645,Bid[1],Project Loading Failed,
482888,1644,Bid[1],Project Loading Failed,
482887,1643,Bid[1],Project Loading Failed,
482886,1642,Bid[1],Project Loading Failed,
482884,1641,Bid[1],Project Loading Failed,
482883,1640,Bid[1],Project Loading Failed,
482881,1639,Bid[1],Project Loading Failed,
482880,1638,Bid[1],Project Loading Failed,
482879,1637,No Bid,Passed,There are no current bids for selected customer.
482878,1636,Bid[1],Project Loading Failed,
482877,1635,Bid[1],Project Loading Failed,
482873,1634,Bid[1],Failed,Failed
482870,1633,Bid[1],Passed,
482869,1632,Bid[1],Passed,
482868,1631,Bid[1],Passed,
482865,1630,Bid[1],Building Error Message: Framed Openings should not have TBD openings.,Building Error Message: Framed Openings should not have TBD openings.
482862,1629,Bid[1],Passed,
482861,1628,Bid[1],Passed,
482859,1627,Bid[1],Passed,
482855,1626,Bid[1],Passed,
482854,1625,Bid[1],Passed,
482853,1624,Bid[1],Passed,
482852,1623,Bid[1],Passed,
482850,1622,Bid[1],Passed,
482849,1621,Bid[1],Passed,
482848,1620,Bid[1],Passed,
482847,1619,Bid[1],Building Error Message: ,Building Error Message: 
482846,1618,Bid[1],Passed,
482843,1617,Bid[1],Passed,
482842,1616,Bid[1],Passed,
482841,1615,Bid[1],Passed,
482840,1614,Bid[1],Passed,
482838,1613,Bid[1],Passed,
482836,1612,Bid[1],Passed,
482835,1611,Bid[1],Passed,
482833,1610,Bid[1],Passed,
482832,1609,Bid[1],Passed,
482831,1608,Bid[1],Passed,
482830,1607,Bid[1],Failed,Failed
482829,1606,Bid[1],Passed,
482828,1605,Bid[1],Building Error Message: Mod 1: Roll length exceeds max roll length with provided number of runs for (Roof),Building Error Message: Mod 1: Roll length exceeds max roll length with provided number of runs for (Roof)
482827,1604,Bid[1],Passed,
482826,1603,Bid[1],Passed,
482825,1602,Bid[1],Passed,
482822,1601,Bid[1],Passed,
482821,1600,Bid[1],Passed,
482820,1599,Bid[1],Passed,
482818,1598,Bid[1],Passed,
482817,1597,Bid[1],Passed,
482816,1596,Bid[1],Passed,
482815,1595,Bid[1],Passed,
482814,1594,Bid[1],Passed,
482812,1593,Bid[1],Passed,
482810,1592,Bid[1],Passed,
482809,1591,Bid[1],Passed,
482807,1590,Bid[1],Passed,
482806,1589,Bid[1],Passed,
482805,1588,Bid[1],Passed,
482804,1587,Bid[1],Passed,
482801,1586,Bid[1],Passed,
482800,1585,Bid[1],Building Error Message: Framed Openings should not have TBD openings.,Building Error Message: Framed Openings should not have TBD openings.
482799,1584,Bid[1],Passed,
482798,1583,Bid[1],Passed,
482797,1582,Bid[1],Building Error Message: Framed Openings should not have TBD openings.,Building Error Message: Framed Openings should not have TBD openings.
482796,1581,Bid[1],Passed,
482793,1580,Bid[1],Passed,
482792,1579,Bid[1],Passed,
482790,1578,Bid[1],Passed,
482789,1577,Bid[1],Passed,
482787,1576,Bid[1],Passed,
482786,1575,Bid[1],Passed,
482785,1574,Bid[1],Passed,
482784,1573,Bid[1],Failed,Failed
482783,1572,Bid[1],Project Loading Failed,
482781,1571,Bid[1],Passed,
482780,1570,Bid[1],Building Error Message: ,Building Error Message: 
482779,1569,Bid[1],Passed,
482778,1568,Bid[1],Passed,
482777,1567,Bid[1],Passed,
482775,1566,Bid[1],Passed,
482774,1565,Bid[1],Passed,
482770,1564,Bid[1],Passed,
482769,1563,Bid[1],Passed,
482768,1562,Bid[1],Passed,
482767,1561,Bid[1],Passed,
482765,1560,Bid[1],Passed,
482761,1559,Bid[1],Passed,
482760,1558,Bid[1],Building Error Message: ,Building Error Message: 
482758,1557,Bid[1],Failed,Failed
482757,1556,Bid[1],Project Loading Failed,
482756,1555,Bid[1],Passed,
482755,1554,Bid[1],Failed,Failed
482753,1553,No Bid,Passed,There are no current bids for selected customer.
482752,1552,Bid[1],Passed,
482751,1551,Bid[1],Passed,
482749,1550,Bid[1],Passed,
482748,1549,Bid[1],Passed,
482746,1548,Bid[1],Failed,Failed
482745,1547,No Bid,Passed,There are no current bids for selected customer.
482744,1546,Bid[1],Passed,
482742,1545,Bid[1],Passed,
482741,1544,Bid[1],Passed,
482740,1543,Bid[1],Passed,
482739,1542,Bid[1],Passed,
482738,1541,Bid[1],Passed,
482737,1540,Bid[1],Passed,
482733,1539,Bid[1],Passed,
482732,1538,Bid[1],Passed,
482729,1537,Bid[1],Passed,
482728,1536,Bid[1],Passed,
482727,1535,Bid[1],Passed,
482725,1534,Bid[1],Passed,
482723,1533,Bid[1],Passed,
482722,1532,Bid[1],Passed,
482720,1531,Bid[1],Passed,
482719,1530,Bid[1],Passed,
482718,1529,Bid[1],Passed,
482716,1528,Bid[1],Passed,
482715,1527,Bid[1],Passed,
482714,1526,Bid[1],Passed,
482712,1525,Bid[1],Passed,
482710,1524,Bid[1],Passed,
482709,1523,Bid[1],Passed,
482708,1522,Bid[1],Passed,
482707,1521,Bid[1],Passed,
482706,1520,Bid[1],Passed,
482705,1519,Bid[1],Passed,
482702,1518,Bid[1],Building Error Message: Framed Openings should not have TBD openings.,Building Error Message: Framed Openings should not have TBD openings.
482701,1517,Bid[1],Passed,
482700,1516,Bid[1],Passed,
482699,1515,Bid[1],Passed,
482698,1514,Bid[1],Passed,
482696,1513,Bid[1],Passed,
482692,1512,Bid[1],Passed,
482691,1511,Bid[1],Passed,
482690,1510,Bid[1],Passed,
482689,1509,Bid[1],Passed,
482687,1508,Bid[1],Passed,
482685,1507,Bid[1],Building Error Message: ,Building Error Message: 
482684,1506,Bid[1],Passed,
482682,1505,Bid[1],Passed,
482681,1504,Bid[1],Passed,
482680,1503,Bid[1],Passed,
482679,1502,Bid[1],Passed,
482676,1501,Bid[1],Building Error Message: ,Building Error Message: 
482675,1500,Bid[1],Passed,
482674,1499,Bid[1],Passed,
482672,1498,Bid[1],Passed,
482671,1497,Bid[1],Passed,
482668,1496,Bid[1],Passed,
482667,1495,Bid[1],Passed,
482665,1494,Bid[1],Passed,
482664,1493,Bid[1],Passed,
482660,1492,Bid[1],Building Error Message: Framed Openings should not have TBD openings.,Building Error Message: Framed Openings should not have TBD openings.
482659,1491,Bid[1],Building Error Message: ,Building Error Message: 
482657,1490,Bid[1],Passed,
482655,1489,Bid[1],Passed,
482653,1488,Bid[1],Passed,
482651,1487,Bid[1],Passed,
482649,1486,Bid[1],Passed,
482648,1485,Bid[1],Passed,
482647,1484,Bid[1],Failed,Failed
482645,1483,Bid[1],Passed,
482644,1482,Bid[1],Passed,
482642,1481,Bid[1],Passed,
482640,1480,Bid[1],Passed,
482639,1479,Bid[1],Building Error Message: ,Building Error Message: 
482638,1478,Bid[1],Passed,
482635,1477,Bid[1],Passed,
482633,1476,Bid[1],Passed,
482630,1475,Bid[1],Passed,
482627,1474,Bid[1],Passed,
482625,1473,Bid[1],Passed,
482623,1472,Bid[1],Passed,
482620,1471,Bid[1],Passed,
482619,1470,Bid[1],Passed,
482618,1469,Bid[1],Passed,
482617,1468,Bid[1],Passed,
482615,1467,Bid[1],Passed,
482612,1466,Bid[1],Passed,
482611,1465,Bid[1],Passed,
482610,1464,Bid[1],Passed,
482609,1463,Bid[1],Passed,
482608,1462,Bid[1],Passed,
482604,1461,Bid[1],Failed,Failed
482603,1460,Bid[1],Passed,
482602,1459,Bid[1],Passed,
482601,1458,Bid[1],Passed,
482600,1457,Bid[1],Passed,
482599,1456,Bid[1],Passed,
482598,1455,Bid[1],Passed,
482597,1454,Bid[1],Passed,
482595,1453,Bid[1],Passed,
482593,1452,Bid[1],Failed,Failed
482590,1451,Bid[1],Passed,
482587,1450,Bid[1],Passed,
482586,1449,Bid[1],Passed,
482585,1448,Bid[1],Passed,
482582,1447,Bid[1],Passed,
482581,1446,Bid[1],Passed,
482580,1445,Bid[1],Failed,Failed
482573,1444,Bid[1],Project Loading Failed,
482571,1443,Bid[1],Project Loading Failed,
482570,1442,Bid[1],Project Loading Failed,
482568,1441,Bid[1],Project Loading Failed,
482567,1440,Bid[1],Project Loading Failed,
482566,1439,Bid[1],Project Loading Failed,
482564,1438,Bid[1],Project Loading Failed,
482563,1437,Bid[1],Project Loading Failed,
482562,1436,Bid[1],Project Loading Failed,
482561,1435,Bid[1],Project Loading Failed,
482560,1434,Bid[1],Project Loading Failed,
482558,1433,Bid[1],Project Loading Failed,
482556,1432,Bid[1],Project Loading Failed,
482555,1431,Bid[1],Project Loading Failed,
482553,1430,Bid[1],Failed,Failed
,1429,Bid[0],Project Loading Failed,
,1428,Bid[0],Project Loading Failed,
482545,1427,Bid[1],Failed,Failed
482544,1426,Bid[1],Passed,
482543,1425,Bid[1],Passed,
482540,1424,Bid[1],Passed,
482538,1423,No Bid,Passed,There are no current bids for selected customer.
482536,1422,Bid[1],Passed,
482535,1421,Bid[1],Passed,
482534,1420,Bid[1],Passed,
482533,1419,Bid[1],Building Error Message: Framed Openings should not have TBD openings.,Building Error Message: Framed Openings should not have TBD openings.
482532,1418,Bid[1],Passed,
482529,1417,Bid[1],Building Error Message: ,Building Error Message: 
482528,1416,No Bid,Passed,There are no current bids for selected customer.
482526,1415,Bid[1],Passed,
482522,1414,Bid[1],Passed,
482521,1413,Bid[1],Passed,
482519,1412,Bid[1],Passed,
482517,1411,Bid[1],Passed,
482516,1410,Bid[1],Passed,
482514,1409,Bid[1],Passed,
482513,1408,Bid[1],Passed,
482510,1407,Bid[1],Passed,
482508,1406,Bid[1],Passed,
482507,1405,Bid[1],Passed,
482506,1404,Bid[1],Passed,
482505,1403,No Bid,Passed,There are no current bids for selected customer.
482503,1402,Bid[1],Passed,
482501,1400,Bid[1],Passed,
482500,1399,Bid[1],Passed,
482498,1398,Bid[1],Passed,
482497,1397,Bid[1],Passed,
482496,1396,Bid[1],Passed,
482495,1395,Bid[1],Passed,
482494,1394,Bid[1],Passed,
482492,1393,Bid[1],Passed,
482490,1392,No Bid,Passed,There are no current bids for selected customer.
482488,1391,Bid[1],Building Error Message: ,Building Error Message: 
482487,1390,Bid[1],Passed,
482485,1389,Bid[1],Building Error Message: ,Building Error Message: 
482484,1388,Bid[1],Passed,
482483,1387,Bid[1],Passed,
482482,1386,Bid[1],Passed,
482474,1385,No Bid,Passed,There are no current bids for selected customer.
482473,1384,Bid[1],Passed,
482470,1383,No Bid,Passed,There are no current bids for selected customer.
482469,1382,Bid[1],Building Error Message: Framed Openings should not have TBD openings.,Building Error Message: Framed Openings should not have TBD openings.
482464,1381,Bid[1],Building Error Message: Framed Openings should not have TBD openings.,Building Error Message: Framed Openings should not have TBD openings.
482463,1380,No Bid,Passed,There are no current bids for selected customer.
482462,1379,Bid[1],Passed,
482461,1378,Bid[1],Passed,
482459,1377,Bid[1],Passed,
482454,1376,Bid[1],Passed,
482451,1375,Bid[1],Passed,
482449,1374,Bid[1],Passed,
482448,1373,Bid[1],Passed,
482447,1372,Bid[1],Building Error Message: Mod 1: Framed Opening (SW E) should not extend outside of wall.,Building Error Message: Mod 1: Framed Opening (SW E) should not extend outside of wall.
482446,1371,Bid[1],Passed,
482445,1370,Bid[1],Passed,
482443,1369,Bid[1],Passed,
482442,1368,Bid[1],Passed,
482441,1367,Bid[1],Passed,
482440,1366,Bid[1],Passed,
482439,1365,Bid[1],Passed,
482438,1364,Bid[1],Passed,
482433,1363,Bid[1],Passed,
482432,1362,Bid[1],Passed,
482431,1361,Bid[1],Passed,
482429,1360,Bid[1],Passed,
482426,1359,Bid[1],Passed,
482425,1358,Bid[1],Passed,
482424,1357,Bid[1],Passed,
482421,1356,Bid[1],Passed,
482420,1355,Bid[1],Passed,
482419,1354,Bid[1],Passed,
482418,1353,Bid[1],Passed,
482417,1352,Bid[1],Passed,
482415,1351,Bid[1],Passed,
482414,1350,Bid[1],Passed,
482413,1349,Bid[1],Passed,
482412,1348,No Bid,Passed,There are no current bids for selected customer.
482411,1347,Bid[1],Passed,
482407,1346,Bid[1],Building Error Message: Framed Openings should not have TBD openings.,Building Error Message: Framed Openings should not have TBD openings.
482403,1345,Bid[1],Failed,Failed
482402,1344,Bid[1],Project Loading Failed,
482401,1343,Bid[1],Passed,
482399,1342,Bid[1],Passed,
482398,1341,Bid[1],Passed,
482397,1340,Bid[1],Passed,
482396,1339,Bid[1],Passed,
482395,1338,Bid[1],Passed,
482394,1337,Bid[1],Passed,
482393,1336,Bid[1],Passed,
482392,1335,Bid[1],Passed,
482391,1334,Bid[1],Passed,
482388,1333,Bid[1],Passed,
482386,1332,Bid[1],Passed,
482384,1331,Bid[1],Passed,
482383,1330,Bid[1],Passed,
482382,1329,Bid[1],Passed,
482380,1328,Bid[1],Passed,
482379,1327,Bid[1],Passed,
482377,1326,Bid[1],Passed,
482376,1325,Bid[1],Building Error Message: Framed Openings should not have TBD openings.,Building Error Message: Framed Openings should not have TBD openings.
482375,1324,Bid[1],Passed,
482374,1323,Bid[1],Passed,
482373,1322,Bid[1],Passed,
482370,1321,Bid[1],Passed,
482368,1320,Bid[1],Passed,
482367,1319,Bid[1],Passed,
482366,1318,Bid[1],Passed,
482365,1317,Bid[1],Passed,
482364,1316,Bid[1],Passed,
482360,1315,Bid[1],Passed,
482359,1314,No Bid,Passed,There are no current bids for selected customer.
482357,1313,Bid[1],Building Error Message: ,Building Error Message: 
482356,1312,Bid[1],Passed,
482355,1311,Bid[1],Building Error Message: Framed Openings should not have TBD openings.,Building Error Message: Framed Openings should not have TBD openings.
482354,1310,Bid[1],Passed,
482353,1309,Bid[1],Passed,
482351,1308,Bid[1],Passed,
482350,1307,Bid[1],Passed,
482349,1306,Bid[1],Passed,
482348,1305,Bid[1],Passed,
482347,1304,Bid[1],Passed,
482346,1303,Bid[1],Passed,
482345,1302,Bid[1],Passed,
482344,1301,Bid[1],Building Error Message: ,Building Error Message: 
482343,1300,Bid[1],Passed,
482342,1299,Bid[1],Passed,
482340,1298,Bid[1],Building Error Message: Mod 1: Roll length exceeds max roll length with provided number of runs for (Roof),Building Error Message: Mod 1: Roll length exceeds max roll length with provided number of runs for (Roof)
482338,1297,Bid[1],Passed,
482336,1296,Bid[1],Building Error Message: ,Building Error Message: 
482334,1295,Bid[1],Passed,
482333,1294,Bid[1],Passed,
482332,1293,Bid[1],Building Error Message: Mod 1: Framed Opening (Front SW) should not extend outside of wall.,Building Error Message: Mod 1: Framed Opening (Front SW) should not extend outside of wall.
482331,1292,Bid[1],Passed,
482329,1291,Bid[1],Passed,
482328,1290,Bid[1],Passed,
482326,1289,Bid[1],Passed,
482325,1288,Bid[1],Passed,
482324,1287,Bid[1],Passed,
482323,1286,Bid[1],Passed,
482322,1285,Bid[1],Passed,
482319,1284,Bid[1],Passed,
482318,1283,Bid[1],Building Error Message: ,Building Error Message: 
482317,1282,Bid[1],Passed,
482315,1281,No Bid,Passed,There are no current bids for selected customer.
482312,1280,No Bid,Passed,There are no current bids for selected customer.
482311,1279,Bid[1],Building Error Message: Mod 2: Roll length exceeds max roll length with provided number of runs for (Roof),Building Error Message: Mod 2: Roll length exceeds max roll length with provided number of runs for (Roof)
482310,1278,Bid[1],Passed,
482309,1277,Bid[1],Passed,
482308,1276,Bid[1],Passed,
482306,1275,Bid[1],Passed,
482304,1274,Bid[1],Passed,
482303,1273,Bid[1],Passed,
482302,1272,Bid[1],Passed,
482301,1271,Bid[1],Passed,
482300,1270,Bid[1],Passed,
482299,1269,Bid[1],Passed,
482298,1268,Bid[1],Passed,
482297,1267,Bid[1],Passed,
482296,1266,Bid[1],Passed,
482295,1265,Bid[1],Building Error Message: ,Building Error Message: 
482293,1264,Bid[1],Passed,
482292,1263,Bid[1],Passed,
482290,1262,Bid[1],Passed,
482288,1261,Bid[1],Passed,
482287,1260,Bid[1],Failed,Failed
482286,1259,Bid[1],Passed,
482284,1258,Bid[1],Passed,
482281,1257,Bid[1],Passed,
482278,1256,Bid[1],Passed,
482276,1255,Bid[1],Passed,
482274,1254,Bid[1],Passed,
482273,1253,Bid[1],Passed,
482272,1252,Bid[1],Passed,
482271,1251,Bid[1],Passed,
482270,1250,Bid[1],Passed,
482266,1249,Bid[1],Passed,
482265,1248,Bid[1],Building Error Message: Mod 3: Framed Opening (Left EW) should not extend outside of wall.,Building Error Message: Mod 3: Framed Opening (Left EW) should not extend outside of wall.
482264,1247,Bid[1],Passed,
482263,1246,Bid[1],Passed,
482262,1245,Bid[1],Passed,
482261,1244,No Bid,Passed,There are no current bids for selected customer.
482259,1243,Bid[1],Passed,
482252,1242,Bid[1],Passed,
482251,1241,Bid[1],Building Error Message: Framed Openings should not have TBD openings.,Building Error Message: Framed Openings should not have TBD openings.
482250,1240,Bid[1],Failed,Failed
482249,1239,Bid[1],Passed,
482245,1238,Bid[1],Passed,
,1488.94097,Total Execution Time in minutes,,
